Chain_1,Residue_1,ResNum_1,Atom_1,Chain_2,Residue_2,ResNum_2,Atom_2,Distance_Angstrom
B,ARG,55,NH1,B,GLU,34,OE1,4.8
B,ARG,55,NH1,B,GLU,34,OE2,2.803
B,ARG,55,NH2,B,GLU,34,OE1,4.723
B,ARG,55,NH2,B,GLU,34,OE2,2.597
B,ARG,64,NH1,B,GLU,66,OE1,4.59
B,ARG,64,NH1,B,GLU,66,OE2,4.74
B,ARG,64,NH2,B,GLU,66,OE1,3.184
B,ARG,64,NH2,B,GLU,66,OE2,2.744
B,ARG,73,NH1,B,ASP,71,OD1,4.611
B,ARG,73,NH1,B,ASP,71,OD2,4.864
B,ARG,73,NH1,B,GLU,428,OE1,2.561
B,ARG,73,NH1,B,GLU,428,OE2,3.903
B,ARG,73,NH2,B,ASP,71,OD1,2.547
B,ARG,73,NH2,B,ASP,71,OD2,3.566
B,ARG,73,NH2,B,GLU,428,OE1,4.752
B,HIS,75,ND1,B,ASP,82,OD1,2.75
B,HIS,75,ND1,B,ASP,82,OD2,4.822
B,HIS,75,NE2,B,ASP,82,OD1,4.366
B,ARG,84,NH1,B,GLU,167,OE1,4.786
B,ARG,84,NH1,B,GLU,167,OE2,4.629
B,ARG,84,NH2,B,GLU,167,OE1,2.619
B,ARG,84,NH2,B,GLU,167,OE2,3.211
B,ARG,87,NH1,B,ASP,85,OD1,4.776
B,ARG,87,NH1,B,ASP,85,OD2,4.644
B,ARG,87,NH2,B,ASP,85,OD1,3.479
B,ARG,87,NH2,B,ASP,85,OD2,2.6
B,ARG,93,NH1,B,ASP,82,OD2,3.908
B,ARG,93,NH1,B,GLU,88,OE1,2.509
B,ARG,93,NH1,B,GLU,88,OE2,4.648
B,ARG,93,NH2,B,ASP,82,OD1,4.379
B,ARG,93,NH2,B,ASP,82,OD2,2.573
B,ARG,93,NH2,B,GLU,88,OE1,3.548
B,HIS,100,ND1,B,GLU,66,OE1,4.567
B,HIS,100,ND1,B,GLU,66,OE2,2.588
B,HIS,100,NE2,B,GLU,66,OE2,4.66
B,ARG,114,NH1,B,GLU,451,OE1,2.588
B,ARG,114,NH1,B,GLU,451,OE2,4.752
B,ARG,114,NH2,B,GLU,451,OE1,2.665
B,ARG,114,NH2,B,GLU,451,OE2,4.419
B,ARG,118,NH1,B,GLU,237,OE1,2.658
B,ARG,118,NH1,B,GLU,237,OE2,3.266
B,ARG,118,NH2,B,GLU,237,OE1,3.561
B,ARG,118,NH2,B,GLU,237,OE2,2.519
B,ARG,125,NH1,B,ASP,458,OD1,3.308
B,ARG,125,NH1,B,ASP,458,OD2,2.552
B,ARG,125,NH2,B,ASP,458,OD1,2.557
B,ARG,125,NH2,B,ASP,458,OD2,3.399
B,ARG,130,NH1,B,GLU,232,OE1,4.603
B,ARG,130,NH1,B,GLU,232,OE2,4.765
B,ARG,130,NH1,B,ASP,408,OD1,4.093
B,ARG,130,NH1,B,ASP,408,OD2,3.142
B,ARG,130,NH2,B,GLU,232,OE1,2.509
B,ARG,130,NH2,B,GLU,232,OE2,3.461
B,ARG,131,NH1,B,GLU,140,OE1,3.393
B,ARG,131,NH1,B,GLU,140,OE2,2.544
B,ARG,131,NH1,B,GLU,465,OE1,4.679
B,ARG,131,NH1,B,GLU,465,OE2,4.676
B,ARG,131,NH2,B,GLU,140,OE2,4.774
B,ARG,131,NH2,B,GLU,465,OE1,2.536
B,ARG,131,NH2,B,GLU,465,OE2,3.322
B,LYS,138,NZ,B,GLU,139,OE1,2.675
B,LYS,138,NZ,B,GLU,139,OE2,2.573
B,HIS,143,ND1,B,GLU,241,OE1,4.128
B,HIS,143,ND1,B,GLU,241,OE2,2.621
B,HIS,143,NE2,B,GLU,241,OE2,4.547
B,ARG,146,NH1,B,GLU,241,OE1,4.814
B,ARG,146,NH2,B,GLU,241,OE1,2.578
B,ARG,146,NH2,B,GLU,241,OE2,2.884
B,LYS,152,NZ,B,GLU,307,OE1,3.001
B,LYS,152,NZ,B,GLU,307,OE2,2.567
B,ARG,153,NH1,B,ASP,149,OD1,3.036
B,ARG,153,NH1,B,ASP,149,OD2,2.58
B,ARG,153,NH2,B,ASP,149,OD1,4.064
B,ARG,153,NH2,B,ASP,149,OD2,4.622
B,ARG,164,NH1,B,GLU,180,OE2,3.162
B,ARG,164,NH2,B,GLU,180,OE1,4.779
B,ARG,164,NH2,B,GLU,180,OE2,2.578
B,ARG,165,NH1,B,GLU,167,OE1,2.632
B,ARG,165,NH1,B,GLU,167,OE2,3.538
B,ARG,165,NH1,B,GLU,168,OE1,2.553
B,ARG,165,NH1,B,GLU,168,OE2,4.489
B,ARG,165,NH2,B,GLU,167,OE1,3.273
B,ARG,165,NH2,B,GLU,167,OE2,2.649
B,ARG,165,NH2,B,GLU,168,OE1,4.732
B,LYS,197,NZ,B,ASP,85,OD1,3.13
B,LYS,197,NZ,B,ASP,85,OD2,2.581
B,LYS,197,NZ,B,ASP,86,OD1,3.325
B,LYS,197,NZ,B,ASP,86,OD2,2.64
B,LYS,198,NZ,B,GLU,206,OE1,2.867
B,LYS,198,NZ,B,GLU,206,OE2,2.605
B,LYS,198,NZ,B,ASP,297,OD1,2.838
B,LYS,198,NZ,B,ASP,297,OD2,2.67
B,HIS,215,ND1,B,ASP,212,OD1,3.469
B,HIS,215,ND1,B,ASP,212,OD2,3.3
B,HIS,215,NE2,B,ASP,212,OD1,3.41
B,HIS,215,NE2,B,ASP,212,OD2,3.05
B,ARG,225,NH1,B,ASP,408,OD1,4.683
B,ARG,225,NH1,B,ASP,408,OD2,4.775
B,ARG,225,NH1,B,ASP,412,OD1,2.676
B,ARG,225,NH1,B,ASP,412,OD2,4.348
B,ARG,225,NH2,B,ASP,408,OD1,3.233
B,ARG,225,NH2,B,ASP,408,OD2,2.682
B,ARG,225,NH2,B,ASP,412,OD1,2.582
B,ARG,225,NH2,B,ASP,412,OD2,4.699
B,ARG,230,NH1,B,ASP,234,OD1,4.785
B,ARG,230,NH1,B,ASP,234,OD2,4.615
B,ARG,230,NH2,B,ASP,234,OD1,2.616
B,ARG,230,NH2,B,ASP,234,OD2,3.271
B,LYS,233,NZ,B,ASP,234,OD1,4.586
B,LYS,233,NZ,B,GLU,237,OE1,2.563
B,LYS,233,NZ,B,GLU,237,OE2,4.199
B,LYS,255,NZ,B,ASP,259,OD1,3.411
B,LYS,255,NZ,B,ASP,259,OD2,2.531
B,ARG,312,NH1,B,ASP,273,OD1,3.225
B,ARG,312,NH1,B,ASP,273,OD2,2.524
B,ARG,312,NH2,B,ASP,273,OD2,3.431
B,ARG,313,NH1,B,ASP,397,OD1,4.652
B,ARG,313,NH1,B,ASP,397,OD2,4.717
B,ARG,313,NH2,B,ASP,397,OD1,2.559
B,ARG,313,NH2,B,ASP,397,OD2,3.41
B,ARG,326,NH1,B,GLU,329,OE1,4.697
B,ARG,326,NH1,B,GLU,329,OE2,4.559
B,ARG,326,NH2,B,GLU,329,OE1,2.591
B,ARG,326,NH2,B,GLU,329,OE2,3.119
B,ARG,356,NH1,B,ASP,343,OD1,4.793
B,ARG,356,NH1,B,ASP,343,OD2,4.461
B,ARG,356,NH1,B,GLU,360,OE1,2.512
B,ARG,356,NH1,B,GLU,360,OE2,4.538
B,ARG,356,NH2,B,ASP,343,OD1,2.763
B,ARG,356,NH2,B,ASP,343,OD2,2.864
B,ARG,356,NH2,B,GLU,360,OE1,4.686
B,LYS,368,NZ,B,ASP,364,OD1,4.742
B,LYS,368,NZ,B,ASP,364,OD2,2.535
B,LYS,368,NZ,B,ASP,370,OD1,4.781
B,LYS,368,NZ,B,ASP,370,OD2,2.564
B,ARG,416,NH1,B,GLU,413,OE1,4.611
B,ARG,416,NH1,B,GLU,413,OE2,4.787
B,ARG,416,NH2,B,GLU,413,OE1,3.195
B,ARG,416,NH2,B,GLU,413,OE2,2.607
B,ARG,417,NH1,B,GLU,338,OE1,2.575
B,ARG,417,NH1,B,GLU,338,OE2,2.968
B,ARG,417,NH1,B,GLU,413,OE2,4.481
B,ARG,417,NH2,B,GLU,338,OE1,4.824
B,ARG,417,NH2,B,GLU,413,OE1,4.69
B,ARG,417,NH2,B,GLU,413,OE2,2.627
B,HIS,434,NE2,B,ASP,212,OD1,4.799
